{
  "eye": {
    "orientation": [
      -0.20276528596878052,
      -0.042453259229660034,
      -0.008799280039966106,
      0.9782671332359314
    ],
    "magnitude": 0.5773502588272095,
    "position": [
      -20,
      100,
      230
    ]
  },
  "paths": [],
  "ortho": false,
  "radius": 100,
  "visualHints": 0
}